,best_fitness,mean_fitness
0,1.2286097091024593,1.0043362776618693e+51
1,0.6840089660832327,6.338253001141148e+23
2,0.6542502685253047,4.723705081012975e+23
3,0.6441291225281118,1.0086913586276989e+106
4,0.6270807201074784,6.338253001141148e+23
5,0.6232308736752465,1.81795304624769e+51
6,0.6228655041684888,5.083526790997663e+27
7,0.6228655041684888,1.3633016784407124e+24
8,0.6103754893139504,6.920894941834783e+23
9,0.6037503738387754,6.338253001141148e+23
10,0.5935276266878453,8.277386731814465e+23
11,0.5895633107916554,1.004336277661869e+51
12,0.5854533921218118,1.0453715887299506e+24
13,0.5766004513051091,1.0299661126854365e+24
14,0.5689920084388317,3.169126500570574e+23
15,0.5685648609153369,9.482419411013823e+76
16,0.5685648609153369,2.5108406941546724e+50
17,0.5681470073631928,1.3318972853928215e+24
18,0.5681470073631928,8.062760879757779e+23
19,0.5681470073631928,3.169126500570574e+23
20,0.5663944957141193,6.491729059066969e+21
21,0.5647329683824195,1.806478603808886e+24
22,0.5619295063234685,83.61893476488632
23,0.5619295063234685,8.000887666713525e+25
24,0.5619295063234685,3.190376190477027e+23
25,0.5589813262743549,3.5062097409381524e+23
26,0.5589813262743549,5.8522866065707556e+23
27,0.5589813262743549,7.283765683024804e+23
28,0.5580290406351981,1.004336277661869e+51
29,0.553636202510521,5.5533491244084704e+23
30,0.553636202510521,2.0821351776358586e+24
31,0.553636202510521,4.951760157141543e+23
32,0.553636202510521,2.1879240246825785e+23
33,0.552887158170601,1.0043362776619404e+51
34,0.5340825177934462,3.3036517201011605e+24
35,0.5340550172034129,4.435257795909313e+23
36,0.531427996420757,1.1812553132387433e+24
37,0.5269169371855259,1.0043362776619404e+51
38,0.5246406247213528,3.169126500570574e+23
39,0.5239245369937685,6.591031358161379e+52
40,0.5233683908162481,1.97409467779915e+50
41,0.5233683908162481,1.004336277661869e+51
42,0.5233683908162481,6.68062400812798e+23
43,0.5233683908162481,8.646155292859457e+49
44,0.5218967263005337,1.339040844086457e+24
45,0.5218967263005337,9.030880812316376e+23
46,0.5202131277714531,1.6108888761755135e+55
47,0.5202131277714531,1.8267356988842951e+24
48,0.5202131277714531,5.257143768420122e+23
49,0.5199015484736418,8.53903529320405e+23
50,0.5197163422404449,2.4287809638839849e+27
51,0.5185994626869838,8.120886657712101e+23
52,0.5169884860903825,3.8949121898388334e+23
53,0.5159135806174308,8.803129168249357e+23
54,0.5156725713578608,5.413100734770941e+23
55,0.5153909986479941,3.1691265005705177e+23
56,0.5139605711830448,4.9517601571416394e+23
57,0.5104489966363375,3.795641938438422e+51
58,0.5090423784317003,5.609935585509021e+22
59,0.5090423784317003,5.936247468714127e+50
60,0.5090423784317003,7.325987038549109e+23
61,0.5086331929251667,1.7303597122546054e+50
62,0.5086331929251667,2.2439742342003663e+23
63,0.508194139760855,2.9858119959196757e+22
64,0.508194139760855,3.96140812571318e+23
65,0.508194139760855,7.925540818857822e+22
66,0.5054623837178678,3.1691265005705177e+23
67,0.5054623837178678,5.4191236572347463e+23
68,0.5054623837178678,7.783803417344773e+23
69,0.5054623837178678,8.934352402695857e+23
70,0.5032040763563741,3.866120940409624e+50
71,0.5029407309521914,5.413100734770941e+23
72,0.5022046794234456,1.3730647855508849e+50
73,0.5017292951838896,1.7194479694289354e+50
74,0.5015414541961427,1.7194479694289354e+50
75,0.5006657923658768,4.1073905727095046e+23
76,0.5006657923658768,1.6021619456491653e+22
77,0.5006657923658768,4.027222190438782e+54
78,0.5006657923658768,4.825363915900325e+50
79,0.5006657923658768,7.922816251426435e+22
80,0.4988162359796613,1.2228501898646389e+23
81,0.4988162359796613,4.215197777173992e+52
82,0.4988162359796613,3.87474163306497e+23
83,0.4988162359796613,9.000059354513323e+26
84,0.4988162359796613,8083.640008991722
85,0.4988162359796613,5.406958541916702e+23
86,0.4960095492756816,9.83428787615845e+22
87,0.49582350656884583,133.9522689870343
88,0.49582350656884583,1.2228501898934777e+23
89,0.49415875906880113,772.3955195360079
90,0.4935783347655465,32.24677524797945
91,0.4935783347655465,1.2228501898646389e+23
92,0.4935783347655465,6.690378167871267e+23
93,0.4935783347655465,3.1828687130225215e+78
94,0.4895931686481457,4.60654394019355e+23
95,0.4895931686481457,18133.52855567883
96,0.4895505324224484,3.1691265005705177e+23
97,0.4895484570195145,3.1691265005705177e+23
98,0.4895484570195145,2.2007822920627806e+23
99,0.48774860526198155,3.1828687130226346e+78
100,0.48774860526198155,1.7778595530504855e+50
101,0.48774860526198155,1.0086913586276995e+106
102,0.4873379398388127,1.0043362776618693e+51
103,0.486035253489031,79.33576006820299
104,0.486035253489031,3.169126500570461e+23
105,0.486035253489031,2.7007654455752994e+22
106,0.48294955991370525,5.639432325618704e+21
107,0.48294955991370525,4.401564584125186e+23
108,0.4817351169704237,1.2716475699870982e+27
109,0.4808615284889958,21.061839335331786
110,0.4808615284889958,1.0043362776618693e+51
111,0.4801009332567524,4.89419407120228e+20
112,0.4785701208360792,6.524949311490824
113,0.4785701208360792,1.5419000256596303e+24
114,0.4785701208360792,4.934867485413359e+23
115,0.4785701208360792,3.895788601042666e+22
116,0.4785701208360792,5.226612433437793e+49
117,0.4785701208360792,1.2731474852090542e+79
118,0.4785701208360792,16596726.900952617
119,0.4785701208360792,1.272034907670502e+27
120,0.4785701208360792,3.169126500570461e+23
121,0.4785701208360792,1.5865195163174737e+24
122,0.47850254284639276,1.2676506002282084e+24
123,0.47850254284639276,5.18516147901733e+24
124,0.4781331901546954,1.2676506002282084e+24
125,0.4781331901546954,16390065.646541992
126,0.4781331901546954,79.29434834177802
127,0.4775660458452943,369.8461142607225
128,0.4775660458452943,4158.236118467526
129,0.4775660458452943,36.51819365115128
130,0.4775660458452943,8799.942054636107
131,0.4775660458452943,1676536.5523843232
132,0.4775660458452943,3.0058668838866244e+26
133,0.4775660458452943,1.2731474852090552e+79
134,0.4775660458452943,92844794.97140622
135,0.47683436994149997,79.50777874054239
136,0.47526578110156514,1.0191132612416496e+31
137,0.47526578110156514,1.3202677768169128e+24
138,0.47526578110156514,2.931924564416749e+50
139,0.4752616039228255,5.0216813883093776e+51
140,0.4752616039228255,35119.935538418475
141,0.4752616039228255,1.6069380442591296e+52
142,0.4752616039228255,5.4093294524392224e+20
143,0.4752616039228255,3.0393403981952754e+26
144,0.4752616039228255,6.254768274463169e+50
145,0.4750695692528331,3.169126500570461e+23
146,0.4699283787706511,1.584563250285288e+24
147,0.4699283787706511,1.9807040628566088e+22
148,0.46946024100617867,2.200782292063109e+23
149,0.46946024100617867,5.43910322555917e+23
150,0.46946024100617867,17353.22281174197
151,0.46946024100617867,17319.804804974832
152,0.4683539760406218,4.017345110647477e+51
153,0.46780518843352975,384735.1622362529
154,0.46743806247607755,2.3955492897744097
155,0.46702666994155806,19960.01394772291
156,0.46702666994155806,82441.14918257997
157,0.46702666994155806,0.7779011312367239
158,0.46702666994155806,3.393485928285945
159,0.46702666994155806,3.5212516673006376e+22
160,0.46581479533450254,1.2676506002282554e+24
161,0.464976188228919,8776.766739705577
162,0.46487663597444717,9.251522663702071e+22
163,0.46095351726662426,22752.891369201556
164,0.46095351726662426,1.2711934275983483e+27
165,0.4569612143238279,9.507379501711722e+23
166,0.4565351526062438,4.652524514601188
167,0.4543820422192802,8.582227235341677e+23
168,0.4516739770549477,7.622027504367126e+23
169,0.4488064277207856,3241.0630646781415
170,0.4488064277207856,3.1828687130227486e+78
171,0.44867637734495264,6.338253001141261e+23
172,0.4481343861919208,6.56673587524369e+22
173,0.43776358397980236,8.15337025791483e+23
174,0.43776358397980236,3.271484415208077e+23
175,0.43773859604474163,1.0086913586276989e+106
176,0.4372954856472636,6.654552509842855e+23
177,0.4372954856472636,1.9195018304074587e+30
178,0.4365836214990709,3.1828687130226346e+78
179,0.4365836214990709,1.0826201469541882e+24
180,0.4365836214990709,3.169126500570686e+23
181,0.4365836214990709,6.338253001141261e+23
182,0.4365836214990709,3.16912650408041e+23
183,0.4365836214990709,28497.178913224623
184,0.4337164369125728,7.657074968971469e+23
185,0.4337164369125728,8.304071393787273e+50
186,0.4337164369125728,1.3585377889034092e+24
187,0.4337164369125728,34883.3621739401
188,0.4337164369125728,7.950552442995142e+24
189,0.4337164369125728,358815.19142324175
190,0.43195779911031834,8.304071393787273e+50
191,0.43195779911031834,1.7940433823647898e+25
192,0.43195779911031834,7.67157809628901e+22
193,0.43195779911031834,4.094278766940679e+23
194,0.43130462780433854,3.632823520542345e+29
195,0.43130462780433854,1.4131625253993815e+24
196,0.43130462780433854,3.169126500570482e+23
197,0.43127161482704696,8.668820763915619e+23
198,0.43127161482704696,5.7115014166117973e+23
199,0.43127161482704696,6.728053173330955e+28
200,0.43127161482704696,4.982504050010975e+23
201,0.4311926967214645,1.0299661126854499e+24
202,0.4311100488865277,3.169126500570686e+23
203,0.4301951670853447,2.265654840995971
204,0.4301951670853447,3.169126500570461e+23
205,0.42830373371231306,4.408442028788451e+23
206,0.42830373371231306,1955.4367302306757
207,0.42830373371231306,49.951293777016915
208,0.42830373371231306,1.9195019149582115e+30
209,0.42830373371231306,2.44070642820812e+23
210,0.42830373371231306,5.413100734770828e+23
211,0.42672650815692004,3.1691265005787506e+23
212,0.4265971899732297,1.0247698515102246e+24
213,0.4261538719201342,6.338253001141127e+23
214,0.4261538719201342,1.6073262388797117e+24
215,0.425835623516165,3.44943449678038e+24
216,0.425835623516165,3.1691265005706385e+23
217,0.425835623516165,3.4463583515342436e+23
218,0.425835623516165,3.1691265005706425e+23
219,0.425835623516165,1.9688948252205294
220,0.425835623516165,2.334652362846389e+24
221,0.425835623516165,2.2439742342004173e+23
222,0.425835623516165,3.985652877540951e+23
223,0.4246004339867051,3.1691265005705734e+23
224,0.423857901256899,2.7736191568650185e+22
225,0.42380620819688064,2.2685330592384005
226,0.42380620819688064,7.111438212201942e+50
227,0.42380620819688064,7.111438212201942e+50
228,0.42380620819688064,2.3015123616549725e+29
229,0.42380620819688064,1.0086913586276995e+106
230,0.423197012571515,2.9821342014380287e+26
231,0.4217399332278283,1.1649740052571595e+27
232,0.4217399332278283,1.1652360355481457e+27
233,0.4217399332278283,1.0086913586276995e+106
234,0.4217399332278283,4.005867100721584e+23
235,0.4217399332278283,7.111438212201942e+50
236,0.42064879064568406,2.2439742342003663e+23
237,0.4195946472479097,6.6903781678711e+23
238,0.4195946472479097,2.931924564416942e+50
239,0.4195946472479097,7.634450548692331
240,0.4195946472479097,1.2813711899752666e+24
241,0.4195946472479097,68.77832096307431
242,0.4195769008899692,3.53652079224756e+77
243,0.4195769008899692,8.385587377960272e+22
244,0.4195769008899692,7.922816251426437e+22
245,0.41861668358912557,8.304071393787273e+50
246,0.41861668358912557,6.359920866531694e+21
247,0.41861668358912557,1.2676506002282296e+24
248,0.41854946963360345,3.923188584580784e+48
249,0.41854946963360345,8.304071393787273e+50
250,0.417834269231833,2.3138931171901047e+24
251,0.417834269231833,2.7199041311067534e+106
252,0.41772388159768326,460191.53038672963
253,0.4166989155567277,1.0086913586276995e+106
254,0.4166989155567277,1.0086913586276995e+106
255,0.41576277318080673,1.91950171611758e+30
256,0.41576277318080673,3.169126500570574e+23
257,0.41576277318080673,1.5692754338466707e+49
258,0.41576277318080673,2.9875759846682368e+23
259,0.41576277318080673,2.1820678092709425e+30
260,0.41576277318080673,1.5845632502853097e+24
261,0.41576277318080673,8.304071393787273e+50
262,0.41576277318080673,1.6246517305529172e+22
263,0.41576277318080673,5.3884041398398834e+23
264,0.41576277318080673,2.485668950911951e+24
265,0.41576277318080673,3.703613672533902e+23
266,0.41576277318080673,2733.9545698743013
267,0.41576277318080673,1.4195984898658408e+21
268,0.4146101452852207,1.806634279139506e+23
269,0.4146101452852207,5.806875471952356e+23
270,0.41354990471761005,2.54615926045738e+23
271,0.41354990471761005,3.1691265005703485e+23
272,0.41354990471761005,2.7112944678310756e+24
273,0.41354990471761005,3.616160403646095e+23
274,0.41354990471761005,1297.549002583916
275,0.41354990471761005,1.9780217716815021e+30
276,0.41354990471761005,2.6111688630640594e+30
277,0.41354990471761005,7.130534626283707e+23
278,0.41354990471761005,2.889627320985515e+50
279,0.41354990471761005,1.8110021494881552e+22
280,0.41354990471761005,1.9674849546031068e+24
281,0.41354990471761005,1.6286105719483295e+24
282,0.41354990471761005,2.290317305405569e+22
283,0.41354990471761005,1.0086913586276995e+106
284,0.41354990471761005,1.0086913586276995e+106
285,0.41354990471761005,1.004336277661869e+51
286,0.4098438410672749,1.0086913586276995e+106
287,0.4098438410672749,3.169126500570584e+23
288,0.4077230754540945,1.2676506002282296e+24
289,0.4073644287519785,7.111438212201942e+50
290,0.4073644287519785,4.112740189195294e+49
291,0.4073644287519785,1.2746404500880228e+23
292,0.40725060914367256,8.233440907614491e+23
293,0.40725060914367256,1.2554203470773007e+51
294,0.40725060914367256,7.978838885453841e+23
295,0.39750671542771876,1.0086913586276995e+106
296,0.3971742097395198,3.979516219228464e+22
297,0.3971742097395198,4.31948233948489e+22
298,0.3971742097395198,4.470339030757468e+22
299,0.3971742097395198,90067.68783965116
300,0.3967274550010783,7.922816251426435e+22
301,0.3967274550010783,6.009817283194702e+23
302,0.39666587831565003,46503.39505821326
303,0.39666587831565003,1.2676506002282296e+24
304,0.39666587831565003,1.0043362776617973e+51
305,0.39666587831565003,1.6747935366679548e+24
306,0.3965268151745752,1.7778595530504847e+50
307,0.3965268151745752,6.413333579873701e+21
308,0.3962891063086009,4.573886155695656e+28
309,0.3962891063086009,4.573919482684173e+28
310,0.3949881193004886,2.184026978803002e+26
311,0.3949881193004886,6.254170353259541
312,0.3949881193004886,9.917579605441377e+50
313,0.39398090837376587,1.6196774334782354e+51
314,0.3938790724046545,9.917579605441377e+50
315,0.3938790724046545,2.2439742342003663e+23
316,0.39338684849207484,6.348091114077076e+104
317,0.39338684849207484,7.922816251426435e+22
318,0.39338684849207484,35683.90912945608
319,0.39338684849207484,2.327691220546083e+50
320,0.39338684849207484,1.5583154404168587e+23
321,0.39338684849207484,2.1844674520196318e+26
322,0.39338684849207484,6.331491129737217e+29
323,0.3925970929780672,4.162366424326534e+28
324,0.38828536969081756,1.0043362776617973e+51
325,0.38828536969081756,6.279194729340977e+50
326,0.3872546756884815,8.871130735909453e+52
327,0.3855919031461489,1.0043362776617973e+51
328,0.38555671582278,5.609935585500916e+22
329,0.38555671582278,1.7778595530504101e+50
330,0.38555671582278,5.3699087926334026e+23
331,0.38555671582278,2.327046641541487e+50
332,0.38555671582278,1.5845632502853027e+24
333,0.38555671582278,2.3270466415415584e+50
334,0.38555671582278,2.008672555323666e+51
335,0.3842990344148568,6.279194729340977e+50
336,0.3842990344148568,2.190039354447281e+26
337,0.3842990344148568,3.1828687130226346e+78
338,0.3842990344148568,8.313543377124293e+49
339,0.3842990344148568,6.279194729340977e+50
340,0.3838936751537015,1.0086913586276989e+106
341,0.3838936751537015,2.327046641541487e+50
342,0.3838936751537015,2.0086725553236664e+51
343,0.3830681811716606,1.4886805473676116e+51
344,0.38263283098704204,2.3270466415416303e+50
345,0.38263283098704204,5.432822942446267e+21
346,0.38263283098704204,1.3318972853928604e+24
347,0.38263283098704204,2.1862277610950647e+26
348,0.38263283098704204,4.017345110647476e+51
349,0.3822006039333097,6.331483409231359e+29
350,0.3822006039333097,1.004336277661869e+51
351,0.3822006039333097,6.732773388177067e+23
352,0.3822006039333097,2.5108406941546724e+50
353,0.3816526785908291,1.004336277661869e+51
354,0.3816526785908291,1.004336277661869e+51
355,0.3816526785908291,4.84344269705814e+50
356,0.3816526785908291,1.0109455438691609e+51
357,0.3816526785908291,3.169126500570574e+23
358,0.3816526785908291,3.1828687130226346e+78
359,0.3816526785908291,3.424402633444591e+22
360,0.3816526785908291,2.008672555323666e+51
361,0.3816526785908291,1.0086913586276995e+106
362,0.3816526785908291,1.0086913586276995e+106
363,0.3816526785908291,1.828391979114742e+23
364,0.3816526785908291,2.1808578523024312e+26
365,0.3809522891375856,2.3270466415416303e+50
366,0.3809522891375856,17560.04067898651
367,0.3809522891375856,1.179928380691927e+51
368,0.3809522891375856,2.1808578523024312e+26
369,0.3809522891375856,3.5219823983433475e+22
370,0.3809522891375856,7.99215814221776e+22
371,0.3809522891375856,3.6560018004923805e+165
372,0.3809522891375856,1.1633910371584084e+51
373,0.3809522891375856,1.1761559600425408e+105
374,0.3809522891375856,1.3720589747035843e+22
375,0.3809411364602878,2.3603696346327328e+21
376,0.38081253772956414,1.4635120207211018e+53
377,0.38056448730685594,6.643746795586095e+49
378,0.38056448730685594,8.56639850762479e+22
379,0.38056448730685594,2.3270466415415584e+50
380,0.38056448730685594,2.088705527917517e+26
381,0.38056448730685594,1.0043362776617983e+51
382,0.38056448730685594,1.1633910371584084e+51
383,0.38056448730685594,9.593444203750134e+28
384,0.38056448730685594,1.0043362776617973e+51
385,0.38056448730685594,1.0086913586276995e+106
386,0.38056448730685594,8781.224677248101
387,0.38056448730685594,1.4173037960884726e+24
388,0.38056448730685594,1.0086913586276995e+106
389,0.38056448730685594,2.43913749856853e+51
390,0.38056448730685594,8.507874969299304e+48
391,0.37997881645856624,5.505256032759607e+29
392,0.37997881645856624,1.3440510660035756e+30
393,0.37997881645856624,3.2372426611193066e+23
394,0.37997881645856624,1.0086913586276995e+106
395,0.37997881645856624,2.3267820743168167e+51
396,0.37997881645856624,7.481607695736005e+22
397,0.37997881645856624,2.1808578523024236e+26
398,0.37997881645856624,1.2554203470772656e+51
399,0.37997881645856624,1.004336277661869e+51
400,0.3799634489397759,1.0043362776617983e+51
401,0.3799634489397759,8.507874969299304e+48
402,0.3799634489397759,5.902833542777272e+23
403,0.3799634489397759,1.1761559600425408e+105
404,0.3799634489397759,1.659130411630443e+51
405,0.3799634489397759,6.741007506262933e+22
406,0.3799634489397759,3.147810958998013e+51
407,0.3799634489397759,9.622278906356615e+50
408,0.3799634489397759,3.034869869875047e+23
409,0.3799634489397759,4.2689326372500474e+26
410,0.37987578618868456,1.0043362776617973e+51
411,0.37987578618868456,2.327046641541487e+50
412,0.3797705036497037,1.1761559600425408e+105
413,0.3797705036497037,2.5108406941546724e+50
414,0.3797705036497037,2.2007822920629692e+23
415,0.3797705036497037,1.0043362776617973e+51
416,0.3797705036497037,7.397486193170087e+80
417,0.3753888162409879,1.0043362776617973e+51
418,0.3753888162409879,2.9930639172055187e+23
419,0.3753888162409879,9.917579605441377e+50
420,0.3753888162409879,2.1925450809146894e+26
421,0.3751155740226583,1.0565447583578804e+24
422,0.3751155740226583,9.917579605441377e+50
423,0.3751155740226583,1.4635120207211018e+53
424,0.3751155740226583,2.327046641541509e+50
425,0.3751155740226583,4.573886836857261e+28
426,0.37495445466098154,3.806393827163752e+50
427,0.37495445466098154,2.2007822920632027e+23
428,0.37495445466098154,2.463511368076704e+23
429,0.37495445466098154,7.294133675504541e+48
430,0.3749262358297847,5.193846209267876e+23
431,0.3749262358297847,1.996094238205936e+51
432,0.3749262358297847,71.02581770766487
433,0.3749262358297847,1.0043362776617983e+51
434,0.3744545170685235,4.440123744945504e+23
435,0.3744545170685235,2.5108406941546724e+50
436,0.3744545170685235,2.3270466415415584e+50
437,0.37434441114729156,17993.808261018403
438,0.37434441114729156,1.0043362776617983e+51
439,0.37434441114729156,1.1633910371584084e+51
440,0.37434441114729156,7.397486193170087e+80
441,0.37434441114729156,4506.961869051344
442,0.37434441114729156,1.0086913586276995e+106
443,0.37434441114729156,1.2707672570702736e+27
444,0.37434441114729156,1.6150191447517176e+23
445,0.3737406562639185,2.0086725553235957e+51
446,0.3737406562639185,4.40156458412603e+23
447,0.3737406562639185,1.0043362776617973e+51
448,0.3737406562639185,1.1633910371584084e+51
449,0.3737237672509173,2.089312793040836e+26
450,0.373543145200462,2.1808578523024312e+26
451,0.373543145200462,1.0086913586276995e+106
452,0.373543145200462,2.200782292062593e+23
453,0.373543145200462,2.200782292063109e+23
454,0.373543145200462,3.169126500570574e+23
455,0.373543145200462,1.3733878487481664e+24
456,0.37339424700307766,4.009224888349077e+23
457,0.37339424700307766,8.559067159699164e+49
458,0.37339424700307766,2.3270466415416303e+50
459,0.37339424700307766,2.9319245644168063e+50
460,0.37339424700307766,1.0086913586276995e+106
461,0.37339424700307766,1.0043362776617983e+51
462,0.37339424700307766,2.200782292063015e+23
463,0.37339424700307766,4.573886155695657e+28
464,0.37339424700307766,4.017345110647476e+51
465,0.37339424700307766,3.177593081520414e+26
466,0.37339424700307766,1.0086913586276995e+106
467,0.3729024620002942,5.771620986059553e+26
468,0.3729024620002942,6.722468271770145e+28
469,0.37285873473596787,1.0899269492587899e+51
470,0.37285873473596787,1.3960957013125572e+51
471,0.37285873473596787,911270348.5025728
472,0.37285873473596787,8.659624999440697e+23
473,0.37285873473596787,1.0043362776617973e+51
474,0.37285873473596787,3.5212516673006376e+22
475,0.37285873473596787,1.004336277661869e+51
476,0.37285873473596787,8.507874969299304e+48
477,0.37285873473596787,2.200782292063015e+23
478,0.3726044615220236,1.004336277661869e+51
479,0.3726044615220236,1.4635120207211018e+53
480,0.3726044615220236,2.2007822920630145e+23
481,0.3726044615220236,4.4015645841258894e+23
482,0.37202572446481386,2.2007822920630168e+23
483,0.37202572446481386,8.559067159699164e+49
484,0.3708735907368034,2.98757598466803e+23
485,0.3708735907368034,2.0946771318238052e+26
486,0.3708735907368034,6.664685058754148e+28
487,0.3708735907368034,7.397486193170087e+80
488,0.3708735907368034,7.397486193170087e+80
489,0.3708735907368034,1.0086913586276995e+106
490,0.3708735907368034,3.331118351978615e+51
491,0.3708735907368034,4.573928420685515e+28
492,0.3708735907368034,2.200782292063015e+23
493,0.3708735907368034,1.0043362776617973e+51
494,0.3708735907368034,2.5108406941546724e+50
495,0.3708735907368034,2.200782292063109e+23
496,0.3708735907368034,1.1761559600425408e+105
497,0.3708735907368034,6.063856110855856e+29
498,0.3708735907368034,4.595716742041601e+28
499,0.3708735907368034,4.573933430115067e+28
500,0.3708735907368034,1.0899269492587899e+51
501,0.3708735907368034,2.9319245644167498e+50
502,0.3708617267276016,2.0086725553235947e+51
503,0.3708617267276016,3.1691265005705955e+23
504,0.37079720732884414,4.8196800684062295e+53
505,0.37079720732884414,2.184026978803002e+26
506,0.37079720732884414,8.715319321415885e+28
507,0.37079720732884414,4.141413660417356e+28
508,0.37079720732884414,4.3864895573039076e+63
509,0.37079720732884414,1.2554203470772646e+51
510,0.37079720732884414,1.0086913586276995e+106
511,0.37079720732884414,1.64356037347623e+24
512,0.37079720732884414,89.5583621589776
513,0.37079720732884414,1.0043362776617973e+51
514,0.37079720732884414,1.0086913586276995e+106
515,0.3693501170801201,1.2530239845768005e+24
516,0.36705670879230695,1.1633910371584084e+51
517,0.3669491497205849,6.994060374434072e+23
518,0.3669491497205849,1.6069380442589627e+52
519,0.3669491497205849,6.15670248523905e+23
520,0.3669491497205849,6.06167072847917e+29
521,0.3669491497205849,2.1677273148202055e+51
522,0.3669491497205849,1.0043362776617973e+51
523,0.3669491497205849,6.664685058754144e+28
524,0.3669491497205849,4.045252309205017e+23
525,0.3669491497205849,2.9319245644167498e+50
526,0.3669491497205849,8.507874969299304e+48
527,0.3669491497205849,3.6698035238480306e+24
528,0.3669491497205849,6.331483409231359e+29
529,0.3669491497205849,17768.372904105563
530,0.3665060393231069,4.029174271177711e+23
531,0.3665060393231069,8.633465609948558e+48
532,0.36586284010883935,2.9319245644167498e+50
533,0.36586284010883935,2.0858740026555533e+26
534,0.36586284010883935,4.84344269705783e+50
535,0.36586284010883935,252.19115803202584
536,0.36586284010883935,6.333669067393615e+29
537,0.36586284010883935,3.299837574766323e+23
538,0.36586284010883935,1.0086913586277706e+106
539,0.36586284010883935,7.111438212201942e+50
540,0.36586284010883935,3.169126500570461e+23
541,0.36586284010883935,1.4701304104037864e+53
542,0.36586284010883935,1.6750171945905784e+50
543,0.36586284010883935,4.573931215853063e+28
544,0.36586284010883935,5.258971205958203e+50
545,0.3657981883021414,2.187261671126749e+26
546,0.3657981883021414,4.3617812704280394e+26
547,0.3657981883021414,2.498619218697912e+49
548,0.3657981883021414,6.0616681487791356e+29
549,0.3657981883021414,7.111438212201942e+50
550,0.3657981883021414,2.095930643336922e+26
551,0.3657981883021414,2.184026978803002e+26
552,0.3656940975965562,3.563802074889506e+52
553,0.3656940975965562,1.5302333982576282e+51
554,0.3656940975965562,2.327046641541487e+50
555,0.3656424045365378,3.6642357026556857e+52
556,0.3656424045365378,8.57216080833614e+50
557,0.36520530975180393,1.2554203470772646e+51
558,0.36520530975180393,4.83788733569623e+50
559,0.36520530975180393,1.0043362776617983e+51
560,0.36520530975180393,1.8183921752232493e+23
561,0.36520530975180393,1.4635120207211018e+53
562,0.36520530975180393,1.1761559600425408e+105
563,0.36520530975180393,3.8046243752564825e+23
564,0.36520530975180393,1.0043362776617983e+51
565,0.36520530975180393,7.922816251426435e+22
566,0.36520530975180393,2.0086725553235957e+51
567,0.36520530975180393,2.9996739408431435e+23
568,0.36520530975180393,1.0174582569701927e+216
569,0.3649401221638079,4.027222190438784e+54
570,0.3649401221638079,3.401489412147138e+24
571,0.3649401221638079,1.4635120207211018e+53
572,0.3649401221638079,6.331491948266652e+29
573,0.3649401221638079,7.111438212201942e+50
574,0.3649401221638079,1.1633910371584084e+51
575,0.3649401221638079,1.0086913586276995e+106
576,0.3649401221638079,2.6451043438766595e+23
577,0.3649401221638079,1.0086913586277706e+106
578,0.3649401221638079,6.003637409742681e+23
579,0.3649401221638079,4.84344269705783e+50
580,0.3649401221638079,2.3270466415415584e+50
581,0.3649401221638079,2.498619218697912e+49
582,0.3649401221638079,7.35428339121209e+50
583,0.3649401221638079,2.498619218697912e+49
584,0.3649401221638079,2.0918863782998326e+26
585,0.3649401221638079,7.498513445091006e+23
586,0.3649401221638079,6.061673238289481e+29
587,0.3649401221638079,4.266731854957987e+26
588,0.3649401221638079,1.3874206096760409e+51
589,0.3649401221638079,4.47033903075741e+22
590,0.3649401221638079,5.2246229223061083e+23
591,0.3649401221638079,2.6867676756250995e+23
592,0.3649401221638079,1.4144751065738755e+51
593,0.3649401221638079,1.0043362776617983e+51
594,0.3649401221638079,4.401564584126077e+23
595,0.3649401221638079,7.349228072984798e+22
596,0.3649401221638079,1.0086913586276995e+106
597,0.3649401221638079,5.095566462039792e+30
598,0.36453516934041463,2.9319245644167498e+50
599,0.36453516934041463,1.0043362776617983e+51
600,0.36453516934041463,4.083360209260824e+23
601,0.36453516934041463,6.739381399345761e+50
602,0.36453516934041463,3.8216403372962017e+49
603,0.36453516934041463,2.095117473935501e+26
604,0.36453516934041463,1.6750171945905784e+50
605,0.36453516934041463,7.922816251426435e+22
606,0.36453516934041463,5.064763771569331e+24
607,0.36453516934041463,6.440377475567807e+23
608,0.36453516934041463,34244.167328218406
609,0.36410462431297874,2.181915224787623e+26
610,0.36410462431297874,2.0086725553235947e+51
611,0.36410462431297874,7.111438212201942e+50
612,0.36410462431297874,2.1842970553416996e+26
613,0.36410462431297874,5.236440360717491e+50
614,0.36410462431297874,2.5506200120381814e+23
615,0.36410462431297874,1.0086913586276995e+106
616,0.36410462431297874,7.111438212201942e+50
617,0.36410462431297874,3.8216403372962017e+49
618,0.36410462431297874,1.2724895569175356e+24
619,0.36410462431297874,1.2370409418159543e+51
620,0.36410462431297874,3.1828687130226346e+78
621,0.36410462431297874,1.1746668928095675e+24
622,0.36407559538686585,2.8377612111719006e+23
623,0.36407559538686585,4.573888136399718e+28
624,0.36407559538686585,2.823892762033399e+21
625,0.36407559538686585,2.2002108438484214e+26
626,0.36407559538686585,1.6032952758229164e+24
627,0.36407559538686585,3.169126500570574e+23
628,0.36407559538686585,2.3270466415415584e+50
629,0.36407559538686585,2.1677273148202055e+51
630,0.36387314115385594,2.5108406941546724e+50
631,0.36387314115385594,1.0086913586276995e+106
632,0.36387314115385594,1.0043362776617973e+51
633,0.36207341606512233,4.141539282686363e+28
634,0.36207341606512233,1.0043362776617973e+51
635,0.36207341606512233,1.2803011915083672e+51
636,0.36207341606512233,1.4635120207211018e+53
637,0.36207341606512233,7.397486193170087e+80
638,0.36207341606512233,1.4144751065738755e+51
639,0.36207341606512233,21785.26536120764
640,0.36207341606512233,2.749135329399237e+23
641,0.36207341606512233,2.712476655596638e+77
642,0.36207341606512233,6.894959998859187e+23
643,0.36207341606512233,2.4004319789743687e+51
644,0.36062088186640945,9.671336441673683e+23
645,0.36062088186640945,2.0931125760099128e+26
646,0.36062088186640945,1.0573724851993354e+23
647,0.36062088186640945,4.843442697057417e+50
648,0.36062088186640945,1.0086913586276995e+106
649,0.36062088186640945,2.184026978803002e+26
650,0.36062088186640945,1.004336277661869e+51
651,0.36062088186640945,2.1813402111273766e+26
652,0.3596632451514715,1.0043362776617973e+51
653,0.3573328361753048,1.4886805473675391e+51
654,0.3573328361753048,2.200782292062687e+23
655,0.3573328361753048,3.774378291043688e+24
656,0.3573328361753048,2.3270466415415584e+50
657,0.3573328361753048,1.1633910371584084e+51
658,0.3573328361753048,7.397486193170087e+80
659,0.35689281533936323,2.521728396569247e+105
660,0.35689281533936323,9.615418229787236e+23
661,0.35446538374256037,2.931924564416615e+50
662,0.35446538374256037,2.9319245644168844e+50
663,0.3538070407321122,2.1932871693854124e+26
664,0.352964698824191,1.0043362776617973e+51
665,0.352964698824191,5.7990299566929966e+50
666,0.352964698824191,1.0043362776617973e+51
667,0.3522379205615688,2.2170735287159582e+26
668,0.3522379205615688,8.507874969299304e+48
669,0.3522379205615688,1.004336277661869e+51
670,0.35119462383724603,1.0043362776617973e+51
671,0.35119462383724603,1.00433627766194e+51
672,0.35119462383724603,22274.569465859524
673,0.35119462383724603,4.729420334326544e+23
674,0.35119462383724603,1.004336277661869e+51
675,0.35119462383724603,2.3270466415415584e+50
676,0.35119462383724603,6.957165531326201e+50
677,0.3510829606577376,2.4609197712618808e+51
678,0.3510829606577376,2.1811279288411293e+26
679,0.3510829606577376,2.0858740026555533e+26
680,0.3510829606577376,2.1337748043624942e+26
681,0.3510829606577376,2.269012152394094e+24
682,0.3510829606577376,5.442765258571422e+50
683,0.3510829606577376,3.1828687130226346e+78
684,0.3510829606577376,14.91781104518183
685,0.3510829606577376,1.0086913586276995e+106
686,0.3464544178196046,2.5108406941546724e+50
687,0.3464544178196046,1.647735306864202e+51
688,0.3464544178196046,1.2731474852090539e+79
689,0.3464544178196046,9.903520314282763e+22
690,0.3464544178196046,1.8591075902910285e+51
691,0.3464544178196046,4.819317324965632e+50
692,0.3464544178196046,911200935.3769537
693,0.3464544178196046,4.163285621470392e+28
694,0.3464544178196046,1.0043362776617983e+51
695,0.34535745951931524,2.0926946144816396e+26
696,0.34535745951931524,3.847472049835224e+24
697,0.34535745951931524,3.241404012624714e+51
698,0.34535745951931524,7.397486193170087e+80
699,0.34535745951931524,1.0043362776617973e+51
700,0.34535745951931524,2.9319245644167498e+50
701,0.34535745951931524,4.401564584126415e+23
702,0.34535745951931524,1.0043362776617973e+51
703,0.34535745951931524,1.0086913586276995e+106
704,0.34535745951931524,1.0086913586276995e+106
705,0.34535745951931524,125.67420259139169
706,0.34535745951931524,2.4241791764005412e+50
707,0.34417450432160857,1.8591075902910285e+51
708,0.34417450432160857,1.0086913586277706e+106
709,0.34398500047733416,4.787351323168824e+23
710,0.3437472588992831,1.1633910371584084e+51
711,0.3437472588992831,1.0130653244339082e+161
712,0.3437472588992831,2.0858740026555533e+26
713,0.3437472588992831,1.0086913586276995e+106
714,0.34368671013823543,1.7078070586408326e+24
715,0.34368671013823543,3.621018848099745e+24
716,0.34332048664833864,16.1638892946944
717,0.3433088011115285,8.603977856913475e+22
718,0.3433088011115285,1.0043362776617983e+51
719,0.3433088011115285,1.1633910371584084e+51
720,0.3433088011115285,1.4657805924301798e+53
721,0.34227048552970746,2.4609197712619522e+51
722,0.34227048552970746,6.957165531326201e+50
723,0.34186690092049526,1.1633910371584084e+51
724,0.34186690092049526,4.22649898576991e+23
725,0.34186690092049526,2.3205929283120547e+51
726,0.34186690092049526,1.0043362776617983e+51
727,0.34186690092049526,2.2047218525171644e+105
728,0.34186690092049526,1.0043362776617983e+51
729,0.34186690092049526,4.3864895573039076e+63
730,0.34186690092049526,1.1718989121277077e+51
731,0.34186690092049526,3.439203039268467e+23
732,0.34186690092049526,3.1828687130226346e+78
733,0.34186690092049526,1.0086913586276995e+106
734,0.34186690092049526,2.192403292034488e+26
735,0.34186690092049526,1.1633910371584084e+51
736,0.34186690092049526,4.746986229932136e+50
737,0.34186690092049526,4.573939854783582e+28
738,0.34186690092049526,2.3270466415415584e+50
739,0.34186690092049526,1.0043362776617973e+51
740,0.34186690092049526,2.2413772194777588e+51
741,0.34186690092049526,5.732059104129641e+76
742,0.34186690092049526,1.5711375872157602e+24
743,0.34186690092049526,7.811521171395629e+49
744,0.34186690092049526,4.157153282571313e+21
745,0.34186690092049526,1.0043362776617973e+51
746,0.34186690092049526,2.2007824200103513e+23
747,0.34186690092049526,4.799593342852994e+53
748,0.34186690092049526,2.1611159961363968e+29
749,0.34186690092049526,1.0043362776617983e+51
750,0.34186690092049526,1.0043362776617983e+51
751,0.3375643912637085,1.3204693752378136e+24
752,0.3375643912637085,1.0086913586277706e+106
753,0.3375643912637085,2.2537047295459388e+78
754,0.3375643912637085,1.029514079775978e+24
755,0.3375643912637085,1.1633910371584084e+51
756,0.3375643912637085,6.331483409231359e+29
757,0.3375643912637085,4.177708768234565e+50
758,0.3375643912637085,4.573886155695656e+28
759,0.3375643912637085,1.0043362776617983e+51
760,0.3375643912637085,1.7564055969970286e+24
761,0.3375643912637085,1.004336277661833e+51
762,0.3375643912637085,1.0043362776617983e+51
763,0.3375643912637085,11967516866949.246
764,0.3375643912637085,1.6998393368453564e+23
765,0.3375643912637085,8.564571665171306e+23
766,0.3375643912637085,6.602769867025546e+50
767,0.3375643912637085,3.404242702259095e+23
768,0.3375643912637085,2.9319245644167498e+50
769,0.3375643912637085,4.163253930205385e+28
770,0.3375643912637085,7.138037424672789e+50
771,0.3375643912637085,1.0043362776617973e+51
772,0.3375643912637085,1.0043362776617973e+51
773,0.3375643912637085,1.3182742022229068e+24
774,0.3375643912637085,2.1862222731625272e+26
775,0.3375643912637085,1.0086913586276995e+106
776,0.33750786628528945,4.9638653623950345e+50
777,0.33750786628528945,2.3270466415415584e+50
778,0.33750786628528945,7.417437195925161e+80
779,0.33750786628528945,2.1854617272797904e+26
780,0.33750786628528945,1.0043362776617973e+51
781,0.33750786628528945,1.1633910371584084e+51
782,0.33750786628528945,6.0616807571689764e+29
783,0.33750786628528945,1.1633910371584084e+51
784,0.33750786628528945,6.665275449007158e+28
785,0.33750786628528945,5.369908792633589e+23
786,0.33750786628528945,9.66276002202305e+50
787,0.33750786628528945,1.0043362776618693e+51
788,0.33750786628528945,1.4635120207211018e+53
789,0.33750786628528945,1844.4101265950078
790,0.33750786628528945,4.573971546048588e+28
791,0.33750786628528945,8.740723231907781e+22
792,0.33750786628528945,1.0086913586276995e+106
793,0.33750786628528945,2.1808578523024312e+26
794,0.33750786628528945,4.401564584125468e+23
795,0.33750786628528945,2.5108406941545835e+50
796,0.33750786628528945,6.957165531326201e+50
797,0.33750786628528945,6.061680486221079e+29
798,0.33750786628528945,5.4131007347710215e+23
799,0.33750786628528945,5.754567690607776e+22
800,0.33750786628528945,6.338253001140923e+23
801,0.33689674070301817,2.086516469507199e+26
802,0.33689674070301817,1.1343974443926007e+51
803,0.33689674070301817,3.1127964577633376e+50
804,0.33689674070301817,1.0043362776617973e+51
805,0.3365295762845658,1.6939576421618146e+51
806,0.3365295762845658,6.424668516461218e+22
807,0.3365295762845658,5.50529669777283e+29
808,0.3365295762845658,4.573927131542492e+28
809,0.3365295762845658,2.0890431291561236e+26
810,0.33556258016523427,2.6867676756251364e+23
811,0.33556258016523427,1.0043362776617973e+51
812,0.33556258016523427,7.49302217690205e+50
813,0.33556258016523427,7.64348431311873e+49
814,0.33556258016523427,5.165975535360492e+50
815,0.33556258016523427,1.5209338311978472e+51
816,0.33556258016523427,33.230200775387395
817,0.33556258016523427,5.165975535360492e+50
818,0.33556258016523427,4.0950801975016624e+24
819,0.3350846138131985,1.0043362776617973e+51
820,0.3350846138131985,4.8081811739796536e+23
821,0.335065701304804,1.1208861793515058e+25
822,0.335065701304804,1.0086913586276995e+106
823,0.335065701304804,1.057372485199368e+23
824,0.335065701304804,2.9319245644167498e+50
825,0.335065701304804,5.870090161094481e+23
826,0.335065701304804,1.2975287341034734e+51
827,0.335065701304804,2.182354183657583e+26
828,0.335065701304804,2.0086725553235947e+51
829,0.335065701304804,7.922816251426435e+22
830,0.335065701304804,4.843442697057933e+50
831,0.335065701304804,2.1820017501435567e+26
832,0.335065701304804,1.1468442446816872e+105
833,0.335065701304804,1.7000528307944183e+51
834,0.335065701304804,2.030665382332767e+50
835,0.335065701304804,1.2370409418159603e+51
836,0.335065701304804,5.070602400912968e+24
837,0.335065701304804,5.021681388309274e+51
838,0.335065701304804,1.0946531751420029e+106
839,0.335065701304804,4.843442697057933e+50
840,0.335065701304804,1.0043362776617973e+51
841,0.335065701304804,2.7617758506128482e+23
842,0.335065701304804,3.1828687130225215e+78
843,0.335065701304804,1.0043362776617983e+51
844,0.335065701304804,7.329811411041874e+49
845,0.335065701304804,1.0086913586276995e+106
846,0.335065701304804,3.802276802336339e+24
847,0.335065701304804,1.0043362776617983e+51
848,0.335065701304804,2.9319245644167498e+50
849,0.335065701304804,2.647816195138756e+23
850,0.335065701304804,1.2370409418159531e+51
851,0.335065701304804,3942.3282761983705
852,0.335065701304804,1.0043362776617973e+51
853,0.335065701304804,11832.445952682214
854,0.335065701304804,1.0086913586276995e+106
855,0.335065701304804,2.9319245644167498e+50
856,0.335065701304804,1.004336277661869e+51
857,0.335065701304804,5.387515050970036e+24
858,0.335065701304804,2.0891637188623603e+26
859,0.3348222545464067,2.9953355738823635e+50
860,0.3348222545464067,2.0086725553235957e+51
861,0.33476616945557824,2.647816195138756e+23
862,0.33476616945557824,5.8131618856077485e+23
863,0.33476616945557824,2.3761108153239927e+23
864,0.33476616945557824,6.957165531326201e+50
865,0.33476616945557824,5.255567811947026e+24
866,0.33476616945557824,7.327030296285188e+50
867,0.33476616945557824,1.0043362776617973e+51
868,0.33476616945557824,1.4886805473675908e+51
869,0.33476616945557824,1.2234150610197415e+23
870,0.33476616945557824,1.0086913586276995e+106
871,0.33476616945557824,2.587007857771249e+23
872,0.33476616945557824,1.0086913586276995e+106
873,0.33476616945557824,1.057372485199368e+23
874,0.33476616945557824,1.0043362776617973e+51
875,0.33476616945557824,1.0086913586276989e+106
876,0.33452659387282485,4.573928420685514e+28
877,0.33452659387282485,3.169126500570574e+23
878,0.33452659387282485,1.0043362776617983e+51
879,0.33452659387282485,1.7000528307944173e+51
880,0.33452659387282485,5.080526351922262e+24
881,0.33452659387282485,3.631702633755658e+23
882,0.33452659387282485,5.165975535360492e+50
883,0.3326410403029697,2.184026978803002e+26
884,0.3326410403029697,1.0043362776617973e+51
885,0.3326410403029697,1179272207.6590362
886,0.3326410403029697,7.931908219160557e+50
887,0.3326410403029697,3.169126500570574e+23
888,0.3326410403029697,3.718402062204224e+24
889,0.3326410403029697,5.8371494899983815e+23
890,0.3326410403029697,2.1871961053035646e+26
891,0.3326410403029697,4.882062035150985e+23
892,0.3326410403029697,2.096553828873883e+26
893,0.3326410403029697,3.285445344407901e+24
894,0.3326410403029697,2.6308582637660813e+51
895,0.3326410403029697,5.759349846213859e+27
896,0.3326410403029697,1.0086913586276989e+106
897,0.3326410403029697,1.0043362776617973e+51
898,0.3324557667284854,6.793267715832241e+49
899,0.3324557667284854,1.0043362776617983e+51
900,0.3324557667284854,1.0043362776617973e+51
901,0.3324557667284854,2.327046641541487e+50
902,0.3324557667284854,7.329811411041872e+49
903,0.3324557667284854,1.0086913586276995e+106
904,0.3324019824451406,2.2157687181959985e+24
905,0.3324019824451406,1.0043362776617973e+51
906,0.3324019824451406,6.957165531326201e+50
907,0.3324019824451406,5.507427052156627e+29
908,0.3323010189512486,3.8115933522167355e+23
909,0.3323010189512486,5.0423560208195335e+50
910,0.3323010189512486,2.0895254879810693e+26
911,0.3323010189512486,2.1808578523024312e+26
912,0.3323010189512486,1.0086913586276995e+106
913,0.3323010189512486,2.7957814110739315e+23
914,0.3323010189512486,2.200782292062687e+23
915,0.3323010189512486,3.4299835682121832e+22
916,0.3323010189512486,4.437648184414764e+23
917,0.3323010189512486,2.3270466415416303e+50
918,0.3323010189512486,1.123860369250579e+29
919,0.3323010189512486,1.0086913586276995e+106
920,0.3323010189512486,1.0043362776617973e+51
921,0.3323010189512486,9.291639834767617e+77
922,0.3323010189512486,1.21945592844845e+55
923,0.3323010189512486,2.675851279181206e+50
924,0.3323010189512486,1.0086913586276995e+106
925,0.32595230426473665,1.8141262876395214e+51
926,0.32595230426473665,1.4040608028205079e+53
927,0.32595230426473665,4.999983654743702e+50
928,0.32595230426473665,1.3113038714050503e+27
929,0.32595230426473665,2.675851279181206e+50
930,0.32595230426473665,2.1661974097363246e+22
931,0.32595230426473665,2.086321036558629e+26
932,0.32595230426473665,4.819317324965632e+50
933,0.32595230426473665,6.82814701024443e+23
934,0.32595230426473665,1.3365778646814665e+50
935,0.32595230426473665,2.0086725553235957e+51
936,0.32595230426473665,1.0904289261512165e+27
937,0.32595230426473665,1.1343974443924774e+51
938,0.32595230426473665,1.8058930012239907e+24
939,0.32595230426473665,6.338253001141261e+23
940,0.32595230426473665,5.165975535360492e+50
941,0.32595230426473665,1.0043362776617973e+51
942,0.32595230426473665,2.1958775609542235e+26
943,0.32595230426473665,2.9319245644167498e+50
944,0.32595230426473665,7.489550665420847e+50
945,0.32595230426473665,1.495613081509227e+24
946,0.32595230426473665,1.5589129736845934e+23
947,0.32595230426473665,1.966510895589241e+24
948,0.32595230426473665,8.596181651430347e+104
949,0.32595230426473665,1.23372102431589e+24
950,0.32595230426473665,160.89968410743282
951,0.32595230426473665,2.2007822920627333e+23
952,0.32595230426473665,2.088711763866725e+26
953,0.32595230426473665,3.1828687130226346e+78
954,0.32595230426473665,1.0043362776618693e+51
955,0.32595230426473665,5.165975535360492e+50
956,0.32595230426473665,1.1727698257666999e+51
957,0.32595230426473665,5.643913242663892e+24
958,0.32595230426473665,1.0043362776617973e+51
959,0.32595230426473665,5.165975535360492e+50
960,0.32595230426473665,1.0043362776617973e+51
961,0.32595230426473665,4.236177599172698e+23
962,0.32595230426473665,2.1919430607521298e+26
963,0.32595230426473665,1.0043362776617983e+51
964,0.32595230426473665,1.2370409418159531e+51
965,0.32595230426473665,16.744582807416418
966,0.32595230426473665,5.36990879263794e+23
967,0.32595230426473665,5.165975535360492e+50
968,0.32595230426473665,1.0086913586276995e+106
969,0.32595230426473665,5.5096079710081716e+29
970,0.32595230426473665,1.0043362776617973e+51
971,0.32595230426473665,2.1808578523024312e+26
972,0.32595230426473665,1.411172241032709e+53
973,0.32595230426473665,1.5709401671154127e+24
974,0.32595230426473665,4.401564584125702e+23
975,0.32595230426473665,2.008672555323667e+51
976,0.32595230426473665,2.1380872789681396e+23
977,0.32595230426473665,4.1571532825713123e+21
978,0.32571066687174355,2.008738546123258e+22
979,0.32571066687174355,2.1951229852382346e+26
980,0.32571066687174355,1.0086913586276995e+106
981,0.32571066687174355,6.195800748150582e+49
982,0.32571066687174355,2.9930639172056586e+23
983,0.32571066687174355,8.559067159699305e+49
984,0.32571066687174355,2.1863167616686651e+24
985,0.32571066687174355,5.165975535360492e+50
986,0.32571066687174355,5.957363904453559e+23
987,0.32571066687174355,9.507379501711895e+23
988,0.32571066687174355,5.369908792633543e+23
989,0.32571066687174355,5.165975535360492e+50
990,0.32571066687174355,1.2471701293706616e+24
991,0.32571066687174355,9.985292860326123e+50
992,0.3255220216500983,2.076605232481918e+51
993,0.3255220216500983,1.057372485199368e+23
994,0.3255220216500983,4.573917923057473e+28
995,0.3255220216500983,1.927726929986253e+51
996,0.3255220216500983,6.338253001141035e+23
997,0.32551779078502374,1.9373770788230496e+51
998,0.32511681580676105,2.2007822920632027e+23
999,0.32511681580676105,1.1343974443927106e+51
1000,0.32511681580676105,6.331483409231359e+29
1001,0.32511681580676105,1.0086913586276995e+106
1002,0.32511681580676105,4.843442697058346e+50
1003,0.3245269390625437,2.3270466415415584e+50
1004,0.3245269390625437,1.1343974443924774e+51
1005,0.3245269390625437,5.35991019341726e+26
1006,0.3241170095362585,6.3315156749232286e+29
1007,0.3241170095362585,4.596135974911305e+28
1008,0.3241170095362585,1.0043362776617973e+51
1009,0.3241170095362585,1.0043362776617983e+51
1010,0.3241170095362585,1.7000528307944183e+51
1011,0.3241170095362585,1.0086913586276995e+106
1012,0.3241170095362585,2.3347556079879623e+23
1013,0.3241170095362585,5.165975535360492e+50
1014,0.3241170095362585,5.165975535360492e+50
1015,0.3241170095362585,6.33366806036931e+29
1016,0.3241170095362585,1.0086913586276995e+106
1017,0.3241170095362585,4.229420860390456e+22
1018,0.3241170095362585,2.181650133927574e+26
1019,0.3241170095362585,1.0043362776617973e+51
1020,0.3241170095362585,6.3336643086551945e+29
1021,0.3241170095362585,1.2554203470772646e+51
1022,0.3241170095362585,1.067210700527062e+110
1023,0.3241170095362585,4.935102398616222e+24
1024,0.3241170095362585,3.262769762335028e+23
1025,0.3241170095362585,1.0043362776619048e+51
1026,0.3241170095362585,2.327046641541487e+50
1027,0.3241170095362585,4.9655480984405386e+22
1028,0.3241170095362585,8.502165972864897e+48
1029,0.3241170095362585,2.6203029106890518e+23
1030,0.3241170095362585,5.741108106936322e+23
1031,0.3241170095362585,6.682889323407332e+49
1032,0.3241170095362585,2.3656816768582318e+23
1033,0.3241170095362585,1.0043362776617983e+51
1034,0.3241170095362585,4.573886155695656e+28
1035,0.3241170095362585,2.2007822920709803e+23
1036,0.3241170095362585,805.7132424038621
1037,0.3241170095362585,2.1808578523024236e+26
1038,0.3241170095362585,1.0043362776617973e+51
1039,0.3241170095362585,5.165975535360492e+50
1040,0.3241170095362585,8.947987451241189e+23
1041,0.3241170095362585,9.250163071326442e+23
1042,0.3241170095362585,3.01201640893444e+23
1043,0.3241170095362585,3.811593352216337e+23
1044,0.3241170095362585,1.0043362776617983e+51
1045,0.3241170095362585,1.4862680101583605e+51
1046,0.3241170095362585,1.2370409418159603e+51
1047,0.3241170095362585,1.0043362776617973e+51
1048,0.3241170095362585,3.169126500570686e+23
1049,0.3241170095362585,5.165975535360492e+50
1050,0.3241170095362585,3.1537008298636633e+22
1051,0.3241170095362585,2.200782292063015e+23
1052,0.3241170095362585,2.9319245644167498e+50
1053,0.3241170095362585,2.1808578523024312e+26
1054,0.3241170095362585,9.291639834766794e+77
1055,0.3241170095362585,1.2676506002282744e+24
1056,0.3241170095362585,1.0086913586276995e+106
1057,0.3241170095362585,4.044685344062566e+109
1058,0.3241170095362585,5.669450937776508e+23
1059,0.3241170095362585,7.57881771167983e+23
1060,0.3241170095362585,34237.89071093927
1061,0.3241170095362585,3.037759425488661e+22
1062,0.3241170095362585,4.6902355660395274e+26
1063,0.3241170095362585,1.5209338311978472e+51
1064,0.3241170095362585,1.0086913586276995e+106
1065,0.3241170095362585,1.520933831197918e+51
1066,0.3241170095362585,3.041319549994409e+23
1067,0.3241170095362585,25.435660916200707
1068,0.3241170095362585,2.843249143709191e+23
1069,0.3241170095362585,5.165975535360492e+50
1070,0.3241170095362585,1.1343974443927106e+51
1071,0.3241170095362585,5.165975535360492e+50
1072,0.3241170095362585,2.0863563614804987e+26
1073,0.3241170095362585,5.165975535360492e+50
1074,0.3241170095362585,4.374874255356585e+26
1075,0.3241170095362585,3.3405156145499916e+23
1076,0.3241170095362585,2.186651611021643e+26
1077,0.3241170095362585,1.004336277661869e+51
1078,0.3241170095362585,4.999983654743702e+50
1079,0.3241170095362585,1684.1689897912972
1080,0.3241170095362585,1.1708161793774579e+24
1081,0.3241170095362585,1.0043362776617973e+51
1082,0.3241170095362585,124.17117488263526
1083,0.3241170095362585,2.130550987526972e+26
1084,0.3241170095362585,1.0009418232417908e+51
1085,0.3241170095362585,8.803129168251827e+23
1086,0.3241170095362585,7.91855885910292e+23
1087,0.3241170095362585,7.625454463666935e+50
1088,0.3241170095362585,2.1819407923706997e+26
1089,0.3241170095362585,1.6309309523934133e+23
1090,0.3241170095362585,4.277470783102359e+23
1091,0.3241170095362585,1.0086913586276995e+106
1092,0.3241170095362585,1.5209338311978472e+51
1093,0.3241170095362585,2.3608305630621837e+26
1094,0.3241170095362585,8.596181651430347e+104
1095,0.3241170095362585,1.1727698257666999e+51
1096,0.3241170095362585,1.0043362776617973e+51
1097,0.3241170095362585,2.1810559227087167e+26
1098,0.3241170095362585,1.2676506002282522e+24
1099,0.3241170095362585,3.150088554780389e+23
1100,0.3241170095362585,5.165975535360492e+50
1101,0.3241170095362585,6.3315142048929145e+29
1102,0.3241170095362585,9.517493823243287e+51
1103,0.3241170095362585,1.5698883063067782e+51
1104,0.3241170095362585,1.0145877769612517e+30
1105,0.3241170095362585,6.574627528915257e+50
1106,0.3241170095362585,2.040674265362471e+23
1107,0.3241170095362585,8.860495952873668e+23
1108,0.3241170095362585,3.169126500570574e+23
1109,0.3241170095362585,2.3270466415415584e+50
1110,0.3241170095362585,8.705853684716276e+50
1111,0.3241170095362585,4.573899238787572e+28
1112,0.3229894105508784,6.061736897078499e+29
1113,0.3229894105508784,3.169126500570574e+23
1114,0.3229894105508784,8.705853684716276e+50
1115,0.3226937753785256,2.0086725553235967e+51
1116,0.3226937753785256,7.753051641557185e+24
1117,0.3226937753785256,1.6806130661177158e+51
1118,0.3226937753785256,2.3270466415415584e+50
1119,0.3226937753785256,7.691528184833612e+23
1120,0.3226937753785256,2.723595722033051e+50
1121,0.3226937753785256,1.0043362776617983e+51
1122,0.3226937753785256,2.200782292063109e+23
1123,0.3226937753785256,4.372586910766737e+23
1124,0.3226937753785256,1.7000528307944183e+51
1125,0.3226937753785256,5.5074240288229616e+29
1126,0.3226937753785256,2.6491310502729908e+23
1127,0.3226937753785256,2.723595722033051e+50
1128,0.3226937753785256,1.1950303938673774e+24
1129,0.3226937753785256,8.705853684716276e+50
1130,0.3226937753785256,1.0601185875600288e+30
1131,0.3226937753785256,5.485846336700226e+25
1132,0.3226937753785256,2.470858830760992e+23
1133,0.3226937753785256,6.3314869632888345e+29
1134,0.3226937753785256,1.0086913586276995e+106
1135,0.3226937753785256,4.638365823714348e+28
1136,0.3226937753785256,1.0043362776617983e+51
1137,0.3226937753785256,6.793267715832241e+49
1138,0.3226937753785256,1.4011288782560911e+53
1139,0.3226937753785256,6.46893231444785e+24
1140,0.3226937753785256,1.2013827201648115e+24
1141,0.3226937753785256,1.004336277661833e+51
1142,0.3226937753785256,2.200782292063109e+23
1143,0.3226937753785256,4.595730895822718e+28
1144,0.3226937753785256,1.4881250112314286e+51
1145,0.3226937753785256,2.9319245644168545e+50
1146,0.3226937753785256,1.7000528307944173e+51
1147,0.3226937753785256,430.87079632180837
1148,0.3226937753785256,1.0086913586276989e+106
1149,0.3226937753785256,1.004336277661869e+51
1150,0.3226937753785256,1.5013865240753123e+24
1151,0.3226937753785256,2.1866368234654004e+26
1152,0.3226937753785256,2.1865123169168165e+26
1153,0.3226937753785256,7.329811411041874e+49
1154,0.3226937753785256,9.994476874791826e+49
1155,0.3226937753785256,2.200782292063015e+23
1156,0.3226937753785256,5.654882908002641e+23
1157,0.3226937753785256,4.843442697057726e+50
1158,0.3226937753785256,2.9319245644167498e+50
1159,0.3226937753785256,6.3314841682953246e+29
1160,0.3226937753785256,2.090989722107957e+26
1161,0.3226937753785256,1.1343974443927106e+51
1162,0.3226937753785256,3.609282958982942e+23
1163,0.3226937753785256,1.0043362776617973e+51
1164,0.3226937753785256,1.1566119952923125e+23
1165,0.3226937753785256,6.957165531326201e+50
1166,0.3226937753785256,3.1691265005706425e+23
1167,0.3226937753785256,3.169126500570686e+23
1168,0.3226937753785256,4.573886155695656e+28
1169,0.3226937753785256,1.0043362776617973e+51
1170,0.3226937753785256,7.432086111272826e+50
1171,0.3226937753785256,1179256462.845193
1172,0.3226937753785256,2.8377612111717218e+23
1173,0.3226937753785256,1.0086913586276995e+106
1174,0.3226937753785256,1.296658989111331e+25
1175,0.3226937753785256,1.0043362776617973e+51
1176,0.3226937753785256,2.1832235339792893e+26
1177,0.3226937753785256,2.2952146837159154e+24
1178,0.3226937753785256,5.165975535360492e+50
1179,0.3226937753785256,4.9505486214490624e+23
1180,0.3226937753785256,3.182552145343365e+26
1181,0.3226937753785256,9.84249083423613e+50
1182,0.3226937753785256,6.664707011697743e+28
1183,0.3226937753785256,2.9319245644167498e+50
1184,0.3226937753785256,2.9930639172056586e+23
1185,0.3226937753785256,4.386489557303908e+63
1186,0.3226937753785256,5.165975535360492e+50
1187,0.3226937753785256,6.451043093613738e+22
1188,0.3226937753785256,2.200782292062687e+23
1189,0.3226937753785256,2.2368658923515617e+23
1190,0.3226937753785256,5.4882358988148346e+22
1191,0.3226937753785256,2.3270466415415584e+50
1192,0.3226937753785256,1.0086913586276995e+106
1193,0.3226937753785256,1.0043362776617983e+51
1194,0.3226937753785256,1.4121716887201883e+53
1195,0.3226937753785256,6.664721220358185e+28
1196,0.3226937753785256,5.165975535360492e+50
1197,0.3226937753785256,4.368053957605996e+26
1198,0.3226937753785256,3.169126500570686e+23
1199,0.3226937753785256,4.141830997876216e+28
1200,0.3226937753785256,3.169126500570469e+23
1201,0.3226937753785256,3.2848140888573206e+80
1202,0.3226937753785256,3.169126500570574e+23
1203,0.3226937753785256,3.961408125713105e+23
1204,0.3226937753785256,1.0573724851993354e+23
1205,0.3226937753785256,4.231119975833052e+25
1206,0.3226937753785256,1.331897285392834e+24
1207,0.3226937753785256,1.0086913586276995e+106
1208,0.3226937753785256,9.201158599557038e+49
1209,0.3226937753785256,5.068547911633732e+49
1210,0.3226937753785256,2.200782292063109e+23
1211,0.3226937753785256,5.1659755353609104e+50
1212,0.3226937753785256,3.169126500570574e+23
1213,0.3226937753785256,2.1023164019579136e+26
1214,0.3226937753785256,1.0086913586276995e+106
1215,0.3226937753785256,1.4011288782560911e+53
1216,0.3226937753785256,1.8580996743843474e+24
1217,0.3226937753785256,5.165975535360492e+50
1218,0.3226937753785256,7.465158227483034e+25
1219,0.3226937753785256,2.411044104495332e+23
1220,0.3226937753785256,1.8838696420058784e+24
1221,0.3226937753785256,2.0766052324819207e+51
1222,0.3226937753785256,4.38648955730619e+63
1223,0.3226937753785256,1.5367020781173623e+24
1224,0.3226937753785256,5.025815290169809e+23
1225,0.3226937753785256,1.0086913586276995e+106
1226,0.3226937753785256,4.386489557304913e+63
1227,0.3226937753785256,1.0086913586276995e+106
1228,0.3226937753785256,2.7007653869788315e+22
1229,0.3226937753785256,2.1871961053035646e+26
1230,0.3226937753785256,1.0086913586276995e+106
1231,0.3226937753785256,3.197845868454926e+50
1232,0.3226937753785256,5.16597553536008e+50
1233,0.3226937753785256,1.0043362776617973e+51
1234,0.3226937753785256,1.0530980312453996e+25
1235,0.3226937753785256,3.034869869875235e+23
1236,0.3226937753785256,3.181627000486398e+26
1237,0.3226937753785256,1.0043362776617973e+51
1238,0.32246703984853686,2.1852109739263897e+26
1239,0.32246703984853686,1.0043362776617973e+51
1240,0.32246703984853686,5.5074239440293694e+29
1241,0.32246703984853686,2.185302608828687e+26
1242,0.32246703984853686,6.338253001141218e+23
1243,0.3223406723376188,3.2848140888573206e+80
1244,0.3223406723376188,3.5036035511847126e+23
1245,0.3223406723376188,4.182760501998892e+23
1246,0.3223406723376188,5.165975535360492e+50
1247,0.3223406723376188,2.09285472250834e+26
1248,0.3223406723376188,6.42466851645873e+22
1249,0.3223406723376188,1.2123141066686692e+51
